DATE,STATION,PRCP,PRCP_ATTRIBUTES,SNOW,SNOW_ATTRIBUTES,SNWD,SNWD_ATTRIBUTES,TMAX,TMAX_ATTRIBUTES,TMIN,TMIN_ATTRIBUTES,TOBS,TOBS_ATTRIBUTES,WT01,WT01_ATTRIBUTES,WT03,WT03_ATTRIBUTES
2021-01-01,USC00362574,0,",,7,0600",0.0,",,7,",0.0,",,7,0600",35.06,",,7,0600",28.94,",,7,0600",30.92,",,7,0600",,,,
2021-01-02,USC00362574,188,",,7,0600",0.0,",,7,",,,48.92,",,7,0600",30.02,",,7,0600",44.96,",,7,0600",,,,
2021-01-03,USC00362574,18,",,7,0600",0.0,",,7,",0.0,",,7,0600",46.04,",,7,0600",35.06,",,7,0600",35.06,",,7,0600",,,,
2021-01-04,USC00362574,124,",,7,0600",0.0,",,7,",,,39.92,",,7,0600",33.98,",,7,0600",35.06,",,7,0600",,,,
2021-01-05,USC00362574,0,",,7,0600",0.0,",,7,",0.0,",,7,0600",35.96,",,7,0600",32.0,",,7,0600",32.0,",,7,0600",,,,
2021-01-06,USC00362574,0,",,7,0600",0.0,",,7,",0.0,",,7,0600",33.98,",,7,0600",32.0,",,7,0600",33.98,",,7,0600",,,,
2021-01-07,USC00362574,0,",,7,0600",0.0,",,7,",0.0,",,7,0600",35.06,",,7,0600",32.0,",,7,0600",32.0,",,7,0600",,,,
2021-01-08,USC00362574,0,",,7,0600",0.0,",,7,",0.0,",,7,0600",35.96,",,7,0600",28.04,",,7,0600",28.04,",,7,0600",,,,
2021-01-09,USC00362574,0,",,7,0600",0.0,",,7,",0.0,",,7,0600",35.06,",,7,0600",24.08,",,7,0600",24.08,",,7,0600",,,,
2021-01-10,USC00362574,0,",,7,0600",0.0,",,7,",0.0,",,7,0600",37.94,",,7,0600",21.02,",,7,0600",28.04,",,7,0600",,,,
2021-01-11,USC00362574,0,",,7,0600",0.0,",,7,",0.0,",,7,0600",35.96,",,7,0600",26.06,",,7,0600",28.04,",,7,0600",1.0,",,7,",,
2021-01-12,USC00362574,0,",,7,0600",0.0,",,7,",0.0,",,7,0600",39.02,",,7,0600",26.06,",,7,0600",26.06,",,7,0600",,,,
2021-01-13,USC00362574,0,",,7,0600",0.0,",,7,",0.0,",,7,0600",30.02,",,7,0600",24.98,",,7,0600",24.98,",,7,0600",,,,
2021-01-14,USC00362574,0,",,7,0600",0.0,",,7,",0.0,",,7,0600",44.96,",,7,0600",24.98,",,7,0600",37.94,",,7,0600",,,,
2021-01-15,USC00362574,20,",,7,0600",0.0,",,7,",0.0,",,7,0600",48.02,",,7,0600",37.04,",,7,0600",39.02,",,7,0600",,,,
2021-01-16,USC00362574,28,",,7,0600",0.0,",,7,",0.0,",,7,0600",46.94,",,7,0600",26.96,",,7,0600",28.94,",,7,0600",,,,
2021-01-17,USC00362574,53,",,7,0600",0.0,"T,,7,",0.0,"T,,7,0600",35.06,",,7,0600",28.94,",,7,0600",32.0,",,7,0600",,,,
2021-01-18,USC00362574,13,",,7,0600",0.0,"T,,7,",0.0,"T,,7,0600",35.06,",,7,0600",30.02,",,7,0600",30.02,",,7,0600",,,,
2021-01-19,USC00362574,0,",,7,0600",0.0,",,7,",0.0,",,7,0600",32.0,",,7,0600",28.04,",,7,0600",30.02,",,7,0600",,,,
2021-01-20,USC00362574,0,",,7,0600",0.0,",,7,",0.0,",,7,0600",37.04,",,7,0600",28.04,",,7,0600",28.04,",,7,0600",,,,
2021-01-21,USC00362574,0,",,7,0600",0.0,",,7,",0.0,",,7,0600",35.96,",,7,0600",21.92,",,7,0600",35.96,",,7,0600",,,,
2021-01-22,USC00362574,0,",,7,0600",0.0,",,7,",0.0,",,7,0600",42.98,",,7,0600",26.06,",,7,0600",33.98,",,7,0600",,,,
2021-01-23,USC00362574,0,",,7,0600",0.0,",,7,",0.0,",,7,0600",33.98,",,7,0600",19.04,",,7,0600",19.04,",,7,0600",,,,
2021-01-24,USC00362574,0,",,7,0600",0.0,",,7,",0.0,",,7,0600",24.98,",,7,0600",12.02,",,7,0600",12.02,",,7,0600",,,,
2021-01-25,USC00362574,0,",,7,0600",0.0,",,7,",0.0,",,7,0600",28.04,",,7,0600",12.02,",,7,0600",26.96,",,7,0600",,,,
2021-01-26,USC00362574,23,",,7,0600",0.0,",,7,",0.0,",,7,0600",35.06,",,7,0600",26.96,",,7,0600",32.0,",,7,0600",,,,
2021-01-27,USC00362574,5,",,7,0600",0.0,",,7,",0.0,",,7,0600",44.06,",,7,0600",30.02,",,7,0600",30.02,",,7,0600",,,,
2021-01-28,USC00362574,0,",,7,0600",0.0,",,7,",0.0,",,7,0600",30.92,",,7,0600",21.02,",,7,0600",21.02,",,7,0600",,,,
2021-01-29,USC00362574,0,",,7,0600",0.0,",,7,",0.0,",,7,0600",24.98,",,7,0600",17.96,",,7,0600",17.96,",,7,0600",,,,
2021-01-30,USC00362574,0,",,7,0600",0.0,",,7,",0.0,",,7,0600",26.96,",,7,0600",10.94,",,7,0600",10.94,",,7,0600",,,,
2021-01-31,USC00362574,15,",,7,0600",0.0,",,7,",0.0,",,7,0600",30.02,",,7,0600",10.94,",,7,0600",28.04,",,7,0600",,,,
2021-02-01,USC00362574,86,",,7,0600",,,,,33.08,",,7,0600",26.96,",,7,0600",26.96,",,7,0600",,,,
2021-02-02,USC00362574,0,",,7,0600",0.0,",,7,",0.0,",,7,0600",33.08,",,7,0600",24.98,",,7,0600",24.98,",,7,0600",,,,
2021-02-03,USC00362574,0,",,7,0600",0.0,",,7,",0.0,",,7,0600",30.92,",,7,0600",24.08,",,7,0600",28.04,",,7,0600",,,,
2021-02-04,USC00362574,0,",,7,0600",0.0,",,7,",0.0,",,7,0600",35.06,",,7,0600",14.0,",,7,0600",14.0,",,7,0600",,,,
2021-02-05,USC00362574,23,",,7,0600",0.0,",,7,",0.0,",,7,0600",39.02,",,7,0600",14.0,",,7,0600",35.96,",,7,0600",,,,
2021-02-06,USC00362574,0,"T,,7,0600",0.0,"T,,7,",0.0,"T,,7,0600",37.04,",,7,0600",24.98,",,7,0600",24.98,",,7,0600",,,,
2021-02-07,USC00362574,0,",,7,0600",0.0,",,7,",0.0,",,7,0600",32.0,",,7,0600",19.04,",,7,0600",24.08,",,7,0600",,,,
2021-02-08,USC00362574,0,",,7,0600",0.0,",,7,",0.0,",,7,0600",26.96,",,7,0600",12.02,",,7,0600",12.02,",,7,0600",,,,
2021-02-09,USC00362574,84,",,7,0600",102.0,",,7,",102.0,",,7,0600",28.04,",,7,0600",12.02,",,7,0600",24.08,",,7,0600",,,,
2021-02-10,USC00362574,0,",,7,0600",0.0,",,7,",0.0,",,7,0600",28.04,",,7,0600",21.02,",,7,0600",21.02,",,7,0600",,,,
2021-02-11,USC00362574,25,",,7,0600",,,0.0,",,7,0600",26.06,",,7,0600",19.04,",,7,0600",19.94,",,7,0600",,,,
2021-02-12,USC00362574,0,",,7,0600",0.0,",,7,",0.0,",,7,0600",28.04,",,7,0600",19.04,",,7,0600",21.92,",,7,0600",,,,
2021-02-13,USC00362574,0,",,7,0600",0.0,",,7,",0.0,",,7,0600",28.94,",,7,0600",21.92,",,7,0600",28.04,",,7,0600",,,,
2021-02-14,USC00362574,0,",,7,0600",0.0,",,7,",0.0,",,7,0600",28.04,",,7,0600",24.08,",,7,0600",24.08,",,7,0600",,,,
2021-02-15,USC00362574,0,",,7,0600",0.0,",,7,",0.0,",,7,0600",28.04,",,7,0600",23.0,",,7,0600",24.98,",,7,0600",,,,
2021-02-16,USC00362574,173,",,7,0600",0.0,",,7,",0.0,",,7,0600",33.98,",,7,0600",24.98,",,7,0600",33.08,",,7,0600",,,,
2021-02-17,USC00362574,0,",,7,0600",0.0,",,7,",0.0,",,7,0600",33.08,",,7,0600",10.04,",,7,0600",10.94,",,7,0600",,,,
2021-02-18,USC00362574,381,",,7,0600",38.0,",,7,",51.0,",,7,0600",26.96,",,7,0600",10.94,",,7,0600",24.08,",,7,0600",,,,
2021-02-19,USC00362574,10,",,7,0600",13.0,",,7,",0.0,"T,,7,0600",30.92,",,7,0600",23.0,",,7,0600",26.96,",,7,0600",,,,
2021-02-20,USC00362574,0,",,7,0600",0.0,",,7,",0.0,",,7,0600",28.94,",,7,0600",15.98,",,7,0600",15.98,",,7,0600",,,,
2021-02-21,USC00362574,0,",,7,0600",0.0,",,7,",0.0,",,7,0600",24.08,",,7,0600",6.98,",,7,0600",6.98,",,7,0600",,,,
2021-02-22,USC00362574,0,",,7,0600",0.0,",,7,",0.0,",,7,0600",35.96,",,7,0600",6.98,",,7,0600",33.98,",,7,0600",,,,
2021-02-24,USC00362574,0,",,7,0600",0.0,",,7,",0.0,",,7,0600",48.02,",,7,0600",32.0,",,7,0600",32.0,",,7,0600",,,,
2021-02-25,USC00362574,8,",,7,0600",0.0,",,7,",0.0,",,7,0600",62.96,",,7,0600",32.0,",,7,0600",33.08,",,7,0600",,,,
2021-02-26,USC00362574,0,",,7,0600",0.0,",,7,",0.0,",,7,0600",44.96,",,7,0600",26.06,",,7,0600",26.06,",,7,0600",,,,
2021-02-27,USC00362574,0,",,7,0600",0.0,",,7,",0.0,",,7,0600",42.08,",,7,0600",24.98,",,7,0600",42.08,",,7,0600",,,,
2021-02-28,USC00362574,10,",,7,0600",0.0,",,7,",0.0,",,7,0600",51.98,",,7,0600",37.94,",,7,0600",41.0,",,7,0600",,,,
2021-03-01,USC00362574,218,",,7,0600",0.0,",,7,",0.0,",,7,0600",57.02,",,7,0600",41.0,",,7,0600",42.08,",,7,0600",,,,
2021-03-02,USC00362574,0,",,7,0600",0.0,",,7,",0.0,",,7,0600",42.08,",,7,0600",21.02,",,7,0600",21.02,",,7,0600",,,,
2021-03-03,USC00362574,0,",,7,0600",0.0,",,7,",0.0,",,7,0600",39.92,",,7,0600",21.02,",,7,0600",26.96,",,7,0600",,,,
2021-03-04,USC00362574,0,",,7,0600",0.0,",,7,",0.0,",,7,0600",51.98,",,7,0600",26.96,",,7,0600",33.98,",,7,0600",,,,
2021-03-05,USC00362574,0,",,7,0600",0.0,",,7,",0.0,",,7,0600",35.96,",,7,0600",21.02,",,7,0600",21.02,",,7,0600",,,,
2021-03-06,USC00362574,0,",,7,0600",0.0,",,7,",0.0,",,7,0600",35.96,",,7,0600",21.02,",,7,0600",26.96,",,7,0600",,,,
2021-03-07,USC00362574,0,",,7,0600",0.0,",,7,",0.0,",,7,0600",39.02,",,7,0600",17.96,",,7,0600",17.96,",,7,0600",,,,
2021-03-09,USC00362574,0,",,7,0600",0.0,",,7,",0.0,",,7,0600",55.94,",,7,0600",19.04,",,7,0600",46.04,",,7,0600",,,,
2021-03-10,USC00362574,0,",,7,0600",0.0,",,7,",0.0,",,7,0600",66.02,",,7,0600",37.04,",,7,0600",37.04,",,7,0600",,,,
2021-03-11,USC00362574,0,",,7,0600",0.0,",,7,",0.0,",,7,0600",69.98,",,7,0600",37.04,",,7,0600",60.08,",,7,0600",,,,
2021-03-12,USC00362574,0,",,7,0600",0.0,",,7,",0.0,",,7,0600",62.96,",,7,0600",44.96,",,7,0600",44.96,",,7,0600",,,,
2021-03-13,USC00362574,0,",,7,0600",0.0,",,7,",0.0,",,7,0600",60.08,",,7,0600",30.02,",,7,0600",30.02,",,7,0600",,,,
2021-03-14,USC00362574,0,",,7,0600",0.0,",,7,",0.0,",,7,0600",51.08,",,7,0600",30.02,",,7,0600",35.96,",,7,0600",,,,
2021-03-15,USC00362574,0,",,7,0600",0.0,",,7,",0.0,",,7,0600",51.98,",,7,0600",26.06,",,7,0600",26.06,",,7,0600",,,,
2021-03-16,USC00362574,0,"T,,7,0600",0.0,",,7,",0.0,",,7,0600",41.0,",,7,0600",19.94,",,7,0600",39.02,",,7,0600",,,,
2021-03-17,USC00362574,0,",,7,0600",0.0,",,7,",0.0,",,7,0600",60.08,",,7,0600",35.06,",,7,0600",35.96,",,7,0600",,,,
2021-03-18,USC00362574,51,",,7,0600",0.0,",,7,",0.0,",,7,0600",60.08,",,7,0600",35.06,",,7,0600",44.96,",,7,0600",,,,
2021-03-19,USC00362574,155,",,7,0600",0.0,",,7,",0.0,",,7,0600",46.94,",,7,0600",30.02,",,7,0600",30.02,",,7,0600",,,,
2021-03-20,USC00362574,0,",,7,0600",0.0,",,7,",0.0,",,7,0600",46.94,",,7,0600",28.04,",,7,0600",28.04,",,7,0600",,,,
2021-03-21,USC00362574,0,",,7,0600",0.0,",,7,",0.0,",,7,0600",59.0,",,7,0600",28.04,",,7,0600",33.98,",,7,0600",,,,
2021-03-22,USC00362574,0,",,7,0600",0.0,",,7,",0.0,",,7,0600",64.94,",,7,0600",33.98,",,7,0600",37.04,",,7,0600",,,,
2021-03-23,USC00362574,0,",,7,0600",0.0,",,7,",0.0,",,7,0600",68.0,",,7,0600",37.04,",,7,0600",42.08,",,7,0600",,,,
2021-03-24,USC00362574,20,",,7,0600",0.0,",,7,",0.0,",,7,0600",68.0,",,7,0600",39.02,",,7,0600",55.04,",,7,0600",,,,
2021-03-25,USC00362574,0,",,7,0600",0.0,",,7,",0.0,",,7,0600",73.04,",,7,0600",53.06,",,7,0600",53.06,",,7,0600",,,,
2021-03-26,USC00362574,25,",,7,0600",0.0,",,7,",0.0,",,7,0600",75.02,",,7,0600",51.98,",,7,0600",60.98,",,7,0600",,,,
2021-03-27,USC00362574,0,",,7,0600",0.0,",,7,",0.0,",,7,0600",62.06,",,7,0600",44.06,",,7,0600",44.06,",,7,0600",,,,
2021-03-28,USC00362574,66,",,7,0600",0.0,",,7,",0.0,",,7,0600",69.08,",,7,0600",42.98,",,7,0600",55.04,",,7,0600",,,,
2021-03-29,USC00362574,112,",,7,0600",0.0,",,7,",0.0,",,7,0600",60.98,",,7,0600",35.06,",,7,0600",35.06,",,7,0600",,,,
2021-03-30,USC00362574,0,",,7,0600",0.0,",,7,",0.0,",,7,0600",53.06,",,7,0600",35.06,",,7,0600",35.96,",,7,0600",,,,
2021-03-31,USC00362574,8,",,7,0600",0.0,",,7,",0.0,",,7,0600",71.96,",,7,0600",35.96,",,7,0600",62.06,",,7,0600",,,,
2021-04-01,USC00362574,0,",,7,0600",0.0,",,7,",0.0,",,7,0600",71.96,",,7,0600",33.98,",,7,0600",33.98,",,7,0600",,,,
2021-04-02,USC00362574,8,",,7,0600",0.0,"T,,7,",0.0,"T,,7,0600",33.98,",,7,0600",21.92,",,7,0600",21.92,",,7,0600",,,,
2021-04-03,USC00362574,0,",,7,0600",0.0,",,7,",0.0,",,7,0600",41.0,",,7,0600",21.92,",,7,0600",23.0,",,7,0600",1.0,",,7,",,
2021-04-04,USC00362574,0,",,7,0600",0.0,",,7,",0.0,",,7,0600",55.94,",,7,0600",23.0,",,7,0600",46.04,",,7,0600",,,,
2021-04-05,USC00362574,0,",,7,0600",0.0,",,7,",0.0,",,7,0600",68.0,",,7,0600",39.02,",,7,0600",39.02,",,7,0600",,,,
2021-04-06,USC00362574,0,",,7,0600",0.0,",,7,",0.0,",,7,0600",71.96,",,7,0600",39.02,",,7,0600",46.94,",,7,0600",,,,
2021-04-07,USC00362574,0,",,7,0600",0.0,",,7,",0.0,",,7,0600",78.98,",,7,0600",46.94,",,7,0600",53.06,",,7,0600",,,,
2021-04-08,USC00362574,0,",,7,0600",0.0,",,7,",0.0,",,7,0600",80.96,",,7,0600",53.06,",,7,0600",55.94,",,7,0600",,,,
2021-04-09,USC00362574,15,",,7,0600",0.0,",,7,",0.0,",,7,0600",80.96,",,7,0600",55.94,",,7,0600",57.92,",,7,0600",,,,
2021-04-10,USC00362574,0,",,7,0600",0.0,",,7,",0.0,",,7,0600",75.02,",,7,0600",51.98,",,7,0600",51.98,",,7,0600",,,,
2021-04-11,USC00362574,140,",,7,0600",0.0,",,7,",0.0,",,7,0600",82.04,",,7,0600",51.98,",,7,0600",59.0,",,7,0600",,,,
2021-04-12,USC00362574,0,",,7,0600",0.0,",,7,",0.0,",,7,0600",66.92,",,7,0600",51.08,",,7,0600",51.08,",,7,0600",,,,
2021-04-13,USC00362574,56,",,7,0600",0.0,",,7,",0.0,",,7,0600",55.94,",,7,0600",44.06,",,7,0600",44.06,",,7,0600",1.0,",,7,",,
2021-04-14,USC00362574,0,",,7,0600",0.0,",,7,",0.0,",,7,0600",68.0,",,7,0600",44.06,",,7,0600",48.92,",,7,0600",,,,
2021-04-15,USC00362574,0,",,7,0600",0.0,",,7,",0.0,",,7,0600",62.96,",,7,0600",44.96,",,7,0600",44.96,",,7,0600",,,,
2021-04-16,USC00362574,0,",,7,0600",0.0,",,7,",0.0,",,7,0600",46.94,",,7,0600",39.02,",,7,0600",41.0,",,7,0600",,,,
2021-04-17,USC00362574,0,",,7,0600",0.0,",,7,",0.0,",,7,0600",44.96,",,7,0600",39.02,",,7,0600",39.02,",,7,0600",,,,
2021-04-18,USC00362574,0,",,7,0600",0.0,",,7,",0.0,",,7,0600",51.08,",,7,0600",33.98,",,7,0600",33.98,",,7,0600",,,,
2021-04-19,USC00362574,0,",,7,0600",0.0,",,7,",0.0,",,7,0600",57.92,",,7,0600",33.08,",,7,0600",41.0,",,7,0600",1.0,",,7,",,
2021-04-20,USC00362574,0,",,7,0600",0.0,",,7,",0.0,",,7,0600",64.04,",,7,0600",39.02,",,7,0600",48.92,",,7,0600",,,,
2021-04-21,USC00362574,0,",,7,0600",0.0,",,7,",0.0,",,7,0600",66.02,",,7,0600",35.96,",,7,0600",35.96,",,7,0600",,,,
2021-04-22,USC00362574,0,",,7,0600",0.0,",,7,",0.0,",,7,0600",41.0,",,7,0600",32.0,",,7,0600",33.08,",,7,0600",,,,
2021-04-23,USC00362574,0,",,7,0600",0.0,",,7,",0.0,",,7,0600",44.96,",,7,0600",32.0,",,7,0600",33.08,",,7,0600",,,,
2021-04-24,USC00362574,0,",,7,0600",0.0,",,7,",0.0,",,7,0600",60.98,",,7,0600",33.08,",,7,0600",37.04,",,7,0600",,,,
2021-04-25,USC00362574,81,",,7,0600",0.0,",,7,",0.0,",,7,0600",60.08,",,7,0600",35.96,",,7,0600",46.04,",,7,0600",,,,
2021-04-26,USC00362574,0,",,7,0600",0.0,",,7,",0.0,",,7,0600",60.08,",,7,0600",30.92,",,7,0600",30.92,",,7,0600",,,,
2021-04-27,USC00362574,0,",,7,0600",0.0,",,7,",0.0,",,7,0600",64.04,",,7,0600",30.92,",,7,0600",46.04,",,7,0600",,,,
2021-04-28,USC00362574,0,",,7,0600",0.0,",,7,",0.0,",,7,0600",82.94,",,7,0600",46.04,",,7,0600",66.02,",,7,0600",,,,
2021-04-29,USC00362574,0,",,7,0600",0.0,",,7,",0.0,",,7,0600",80.06,",,7,0600",64.04,",,7,0600",64.04,",,7,0600",,,,
2021-04-30,USC00362574,267,",,7,0600",0.0,",,7,",0.0,",,7,0600",69.08,",,7,0600",51.98,",,7,0600",51.98,",,7,0600",,,,
2021-05-01,USC00362574,33,",,7,0600",0.0,",,7,",0.0,",,7,0600",57.92,",,7,0600",37.04,",,7,0600",39.02,",,7,0600",,,,
2021-05-02,USC00362574,0,",,7,0600",0.0,",,7,",0.0,",,7,0600",64.04,",,7,0600",37.94,",,7,0600",57.02,",,7,0600",,,,
2021-05-03,USC00362574,23,",,7,0600",0.0,",,7,",0.0,",,7,0600",80.96,",,7,0600",57.02,",,7,0600",57.02,",,7,0600",,,,
2021-05-04,USC00362574,119,",,7,0600",0.0,",,7,",0.0,",,7,0600",69.98,",,7,0600",57.02,",,7,0600",62.96,",,7,0600",,,,
2021-05-05,USC00362574,102,",,7,0600",0.0,",,7,",0.0,",,7,0600",75.02,",,7,0600",51.08,",,7,0600",51.08,",,7,0600",,,,
2021-05-06,USC00362574,28,",,7,0600",0.0,",,7,",0.0,",,7,0600",53.96,",,7,0600",39.92,",,7,0600",39.92,",,7,0600",,,,
2021-05-07,USC00362574,0,",,7,0600",0.0,",,7,",0.0,",,7,0600",57.92,",,7,0600",39.92,",,7,0600",44.06,",,7,0600",,,,
2021-05-08,USC00362574,23,",,7,0600",0.0,",,7,",0.0,",,7,0600",53.96,",,7,0600",42.08,",,7,0600",44.06,",,7,0600",,,,
2021-05-09,USC00362574,0,",,7,0600",0.0,",,7,",0.0,",,7,0600",51.98,",,7,0600",39.92,",,7,0600",42.08,",,7,0600",,,,
2021-05-10,USC00362574,292,",,7,0600",0.0,",,7,",0.0,",,7,0600",42.98,",,7,0600",39.92,",,7,0600",41.0,",,7,0600",,,,
2021-05-11,USC00362574,0,",,7,0600",0.0,",,7,",0.0,",,7,0600",57.92,",,7,0600",41.0,",,7,0600",44.06,",,7,0600",,,,
2021-05-12,USC00362574,0,",,7,0600",0.0,",,7,",0.0,",,7,0600",57.02,",,7,0600",37.94,",,7,0600",37.94,",,7,0600",,,,
2021-05-13,USC00362574,0,",,7,0600",0.0,",,7,",0.0,",,7,0600",60.98,",,7,0600",37.94,",,7,0600",39.02,",,7,0600",,,,
2021-05-14,USC00362574,0,",,7,0600",0.0,",,7,",0.0,",,7,0600",64.94,",,7,0600",39.02,",,7,0600",39.02,",,7,0600",,,,
2021-05-15,USC00362574,0,",,7,0600",0.0,",,7,",0.0,",,7,0600",69.08,",,7,0600",39.02,",,7,0600",41.0,",,7,0600",,,,
2021-05-16,USC00362574,0,",,7,0600",0.0,",,7,",0.0,",,7,0600",71.06,",,7,0600",41.0,",,7,0600",51.98,",,7,0600",,,,
2021-05-17,USC00362574,0,",,7,0600",0.0,",,7,",0.0,",,7,0600",69.98,",,7,0600",46.04,",,7,0600",46.04,",,7,0600",,,,
2021-05-18,USC00362574,0,",,7,0600",0.0,",,7,",0.0,",,7,0600",73.94,",,7,0600",46.04,",,7,0600",51.98,",,7,0600",,,,
2021-05-19,USC00362574,0,",,7,0600",0.0,",,7,",0.0,",,7,0600",82.04,",,7,0600",51.98,",,7,0600",51.98,",,7,0600",,,,
2021-05-20,USC00362574,0,",,7,0600",0.0,",,7,",0.0,",,7,0600",86.0,",,7,0600",50.0,",,7,0600",55.94,",,7,0600",,,,
2021-05-21,USC00362574,0,",,7,0600",0.0,",,7,",0.0,",,7,0600",87.98,",,7,0600",55.94,",,7,0600",60.98,",,7,0600",,,,
2021-05-22,USC00362574,0,",,7,0600",0.0,",,7,",0.0,",,7,0600",87.98,",,7,0600",59.0,",,7,0600",60.08,",,7,0600",,,,
2021-05-23,USC00362574,0,",,7,0600",0.0,",,7,",0.0,",,7,0600",82.04,",,7,0600",60.08,",,7,0600",66.02,",,7,0600",,,,
2021-05-24,USC00362574,0,",,7,0600",0.0,",,7,",0.0,",,7,0600",86.0,",,7,0600",66.02,",,7,0600",68.0,",,7,0600",,,,
2021-05-25,USC00362574,36,",,7,0600",0.0,",,7,",0.0,",,7,0600",75.02,",,7,0600",62.96,",,7,0600",64.04,",,7,0600",1.0,",,7,",,
2021-05-26,USC00362574,0,",,7,0600",0.0,",,7,",0.0,",,7,0600",87.08,",,7,0600",64.04,",,7,0600",68.0,",,7,0600",,,,
2021-05-27,USC00362574,51,",,7,0600",0.0,",,7,",0.0,",,7,0600",84.02,",,7,0600",57.02,",,7,0600",57.02,",,7,0600",,,,
2021-05-28,USC00362574,0,",,7,0600",0.0,",,7,",0.0,",,7,0600",73.04,",,7,0600",57.02,",,7,0600",57.02,",,7,0600",,,,
2021-05-29,USC00362574,124,",,7,0600",0.0,",,7,",0.0,",,7,0600",64.04,",,7,0600",48.02,",,7,0600",48.02,",,7,0600",,,,
2021-05-30,USC00362574,5,",,7,0600",0.0,",,7,",0.0,",,7,0600",50.0,",,7,0600",48.02,",,7,0600",48.02,",,7,0600",1.0,",,7,",,
2021-05-31,USC00362574,0,",,7,0600",0.0,",,7,",0.0,",,7,0600",55.04,",,7,0600",46.04,",,7,0600",48.02,",,7,0600",1.0,",,7,",,
2021-06-01,USC00362574,0,",,7,0600",0.0,",,7,",0.0,",,7,0600",73.04,",,7,0600",48.02,",,7,0600",53.06,",,7,0600",,,,
2021-06-02,USC00362574,0,",,7,0600",0.0,",,7,",0.0,",,7,0600",75.02,",,7,0600",53.06,",,7,0600",60.08,",,7,0600",,,,
2021-06-03,USC00362574,23,",,7,0600",0.0,",,7,",0.0,",,7,0600",71.96,",,7,0600",60.08,",,7,0600",62.96,",,7,0600",,,,
2021-06-04,USC00362574,18,",,7,0600",0.0,",,7,",0.0,",,7,0600",73.04,",,7,0600",62.06,",,7,0600",62.06,",,7,0600",,,,
2021-06-05,USC00362574,0,",,7,0600",0.0,",,7,",0.0,",,7,0600",82.94,",,7,0600",62.06,",,7,0600",64.94,",,7,0600",,,,
2021-06-06,USC00362574,0,",,7,0600",0.0,",,7,",0.0,",,7,0600",89.06,",,7,0600",62.96,",,7,0600",62.96,",,7,0600",,,,
2021-06-08,USC00362574,23,",,7,0600",0.0,",,7,",0.0,",,7,0600",87.98,",,7,0600",71.06,",,7,0600",71.96,",,7,0600",,,,
2021-06-09,USC00362574,0,",,7,0600",0.0,",,7,",0.0,",,7,0600",86.0,",,7,0600",69.98,",,7,0600",69.98,",,7,0600",,,,
2021-06-10,USC00362574,0,",,7,0600",0.0,",,7,",0.0,",,7,0600",82.94,",,7,0600",66.02,",,7,0600",66.02,",,7,0600",,,,
2021-06-11,USC00362574,254,",,7,0600",0.0,",,7,",0.0,",,7,0600",84.02,",,7,0600",66.02,",,7,0600",69.98,",,7,0600",,,,
2021-06-12,USC00362574,0,",,7,0600",0.0,",,7,",0.0,",,7,0600",73.94,",,7,0600",60.98,",,7,0600",60.98,",,7,0600",,,,
2021-06-13,USC00362574,0,",,7,0600",0.0,",,7,",0.0,",,7,0600",82.04,",,7,0600",60.98,",,7,0600",66.92,",,7,0600",,,,
2021-06-14,USC00362574,79,",,7,0600",0.0,",,7,",0.0,",,7,0600",87.08,",,7,0600",60.98,",,7,0600",60.98,",,7,0600",1.0,",,7,",,
2021-06-15,USC00362574,0,",,7,0600",0.0,",,7,",0.0,",,7,0600",82.04,",,7,0600",57.02,",,7,0600",57.02,",,7,0600",,,,
2021-06-16,USC00362574,0,",,7,0600",0.0,",,7,",0.0,",,7,0600",75.02,",,7,0600",46.94,",,7,0600",46.94,",,7,0600",,,,
2021-06-17,USC00362574,0,",,7,0600",0.0,",,7,",0.0,",,7,0600",71.96,",,7,0600",46.94,",,7,0600",46.94,",,7,0600",,,,
2021-06-20,USC00362574,0,",,7,0600",0.0,",,7,",0.0,",,7,0600",77.0,",,7,0600",64.04,",,7,0600",66.92,",,7,0600",,,,
2021-06-21,USC00362574,0,",,7,0600",0.0,",,7,",0.0,",,7,0600",87.98,",,7,0600",66.92,",,7,0600",73.04,",,7,0600",,,,
2021-06-22,USC00362574,292,",,7,0600",0.0,",,7,",0.0,",,7,0600",82.94,",,7,0600",60.08,",,7,0600",60.08,",,7,0600",,,,
2021-06-23,USC00362574,0,",,7,0600",0.0,",,7,",0.0,",,7,0600",78.08,",,7,0600",46.04,",,7,0600",46.04,",,7,0600",,,,
2021-06-24,USC00362574,0,",,7,0600",0.0,",,7,",0.0,",,7,0600",75.02,",,7,0600",46.04,",,7,0600",53.96,",,7,0600",,,,
2021-06-25,USC00362574,0,",,7,0600",0.0,",,7,",0.0,",,7,0600",84.02,",,7,0600",53.96,",,7,0600",62.96,",,7,0600",,,,
2021-06-26,USC00362574,0,",,7,0600",0.0,",,7,",0.0,",,7,0600",82.94,",,7,0600",62.96,",,7,0600",69.08,",,7,0600",,,,
2021-06-27,USC00362574,0,",,7,0600",0.0,",,7,",0.0,",,7,0600",84.92,",,7,0600",69.08,",,7,0600",71.06,",,7,0600",,,,
2021-06-28,USC00362574,0,",,7,0600",0.0,",,7,",0.0,",,7,0600",89.96,",,7,0600",71.06,",,7,0600",71.06,",,7,0600",,,,
2021-06-29,USC00362574,0,",,7,0600",0.0,",,7,",0.0,",,7,0600",93.02,",,7,0600",71.06,",,7,0600",71.96,",,7,0600",,,,
2021-06-30,USC00362574,0,",,7,0600",0.0,",,7,",0.0,",,7,0600",95.0,",,7,0600",69.08,",,7,0600",69.08,",,7,0600",,,,
2021-07-01,USC00362574,465,",,7,0600",0.0,",,7,",0.0,",,7,0600",87.08,",,7,0600",69.08,",,7,0600",69.08,",,7,0600",,,,
2021-07-02,USC00362574,114,",,7,0600",0.0,",,7,",0.0,",,7,0600",73.94,",,7,0600",60.08,",,7,0600",60.08,",,7,0600",,,,
2021-07-03,USC00362574,3,",,7,0600",0.0,",,7,",0.0,",,7,0600",71.06,",,7,0600",57.92,",,7,0600",59.0,",,7,0600",,,,
2021-07-04,USC00362574,0,",,7,0600",0.0,",,7,",0.0,",,7,0600",78.08,",,7,0600",57.92,",,7,0600",60.98,",,7,0600",,,,
2021-07-05,USC00362574,0,",,7,0600",0.0,",,7,",0.0,",,7,0600",84.02,",,7,0600",60.98,",,7,0600",64.04,",,7,0600",,,,
2021-07-06,USC00362574,0,",,7,0600",0.0,",,7,",0.0,",,7,0600",87.98,",,7,0600",64.04,",,7,0600",73.94,",,7,0600",1.0,",,7,",,
2021-07-07,USC00362574,0,",,7,0600",0.0,",,7,",0.0,",,7,0600",89.06,",,7,0600",73.94,",,7,0600",73.94,",,7,0600",1.0,",,7,",,
2021-07-08,USC00362574,140,",,7,0600",0.0,",,7,",0.0,",,7,0600",87.98,",,7,0600",68.0,",,7,0600",69.08,",,7,0600",,,1.0,",,7,"
2021-07-09,USC00362574,178,",,7,0600",0.0,",,7,",0.0,",,7,0600",80.96,",,7,0600",68.0,",,7,0600",68.0,",,7,0600",,,,
2021-07-10,USC00362574,0,",,7,0600",0.0,",,7,",0.0,",,7,0600",75.92,",,7,0600",55.04,",,7,0600",55.04,",,7,0600",1.0,",,7,",,
2021-07-11,USC00362574,0,",,7,0600",0.0,",,7,",0.0,",,7,0600",75.92,",,7,0600",55.04,",,7,0600",66.02,",,7,0600",,,,
2021-07-12,USC00362574,221,",,7,0600",0.0,",,7,",0.0,",,7,0600",75.02,",,7,0600",64.94,",,7,0600",71.06,",,7,0600",,,,
2021-07-13,USC00362574,51,",,7,0600",0.0,",,7,",0.0,",,7,0600",87.08,",,7,0600",71.06,",,7,0600",71.06,",,7,0600",,,,
2021-07-14,USC00362574,46,",,7,0600",0.0,",,7,",0.0,",,7,0600",86.0,",,7,0600",69.08,",,7,0600",69.08,",,7,0600",,,,
2021-07-15,USC00362574,0,",,7,0600",0.0,",,7,",0.0,",,7,0600",86.0,",,7,0600",69.08,",,7,0600",69.08,",,7,0600",,,,
2021-07-16,USC00362574,3,",,7,0600",0.0,",,7,",0.0,",,7,0600",87.08,",,7,0600",69.08,",,7,0600",69.08,",,7,0600",,,,
2021-07-17,USC00362574,152,",,7,0600",0.0,",,7,",0.0,",,7,0600",89.06,",,7,0600",66.92,",,7,0600",66.92,",,7,0600",,,,
2021-07-18,USC00362574,163,",,7,0600",0.0,",,7,",0.0,",,7,0600",82.04,",,7,0600",60.98,",,7,0600",60.98,",,7,0600",,,,
2021-07-19,USC00362574,0,",,7,0600",0.0,",,7,",0.0,",,7,0600",80.96,",,7,0600",60.98,",,7,0600",62.96,",,7,0600",,,,
2021-07-20,USC00362574,0,",,7,0600",0.0,",,7,",0.0,",,7,0600",82.04,",,7,0600",62.06,",,7,0600",62.96,",,7,0600",1.0,",,7,",,
2021-07-21,USC00362574,0,",,7,0600",0.0,",,7,",0.0,",,7,0600",84.92,",,7,0600",62.96,",,7,0600",66.92,",,7,0600",,,,
2021-07-22,USC00362574,0,",,7,0600",0.0,",,7,",0.0,",,7,0600",78.98,",,7,0600",57.02,",,7,0600",57.02,",,7,0600",,,,
2021-07-23,USC00362574,0,",,7,0600",0.0,",,7,",0.0,",,7,0600",77.0,",,7,0600",57.02,",,7,0600",62.06,",,7,0600",,,,
2021-07-24,USC00362574,3,",,7,0600",0.0,",,7,",0.0,",,7,0600",82.04,",,7,0600",60.98,",,7,0600",66.02,",,7,0600",,,,
2021-07-25,USC00362574,0,",,7,0600",0.0,",,7,",0.0,",,7,0600",86.0,",,7,0600",66.02,",,7,0600",69.08,",,7,0600",,,,
2021-07-26,USC00362574,0,",,7,0600",0.0,",,7,",0.0,",,7,0600",87.08,",,7,0600",69.08,",,7,0600",69.08,",,7,0600",,,,
2021-07-27,USC00362574,0,",,7,0600",0.0,",,7,",0.0,",,7,0600",89.96,",,7,0600",60.08,",,7,0600",60.08,",,7,0600",,,,
2021-07-28,USC00362574,0,",,7,0600",0.0,",,7,",0.0,",,7,0600",89.96,",,7,0600",60.08,",,7,0600",66.02,",,7,0600",,,,
2021-07-29,USC00362574,0,",,7,0600",0.0,",,7,",0.0,",,7,0600",87.98,",,7,0600",66.02,",,7,0600",66.02,",,7,0600",,,,
2021-07-30,USC00362574,43,",,7,0600",0.0,",,7,",0.0,",,7,0600",82.04,",,7,0600",66.02,",,7,0600",69.08,",,7,0600",,,,
2021-07-31,USC00362574,0,",,7,0600",0.0,",,7,",0.0,",,7,0600",80.06,",,7,0600",59.0,",,7,0600",59.0,",,7,0600",,,,
2021-08-01,USC00362574,0,",,7,0600",0.0,",,7,",0.0,",,7,0600",78.98,",,7,0600",57.92,",,7,0600",60.98,",,7,0600",,,,
2021-08-02,USC00362574,15,",,7,0600",0.0,",,7,",0.0,",,7,0600",78.98,",,7,0600",57.92,",,7,0600",57.92,",,7,0600",,,,
2021-08-03,USC00362574,0,",,7,0600",0.0,",,7,",0.0,",,7,0600",77.0,",,7,0600",57.02,",,7,0600",57.02,",,7,0600",,,,
2021-08-04,USC00362574,0,",,7,0600",0.0,",,7,",0.0,",,7,0600",80.06,",,7,0600",55.94,",,7,0600",62.06,",,7,0600",,,,
2021-08-05,USC00362574,104,",,7,0600",0.0,",,7,",0.0,",,7,0600",80.96,",,7,0600",60.98,",,7,0600",62.06,",,7,0600",,,,
2021-08-06,USC00362574,0,",,7,0600",0.0,",,7,",0.0,",,7,0600",84.92,",,7,0600",62.06,",,7,0600",64.04,",,7,0600",,,,
2021-08-07,USC00362574,0,",,7,0600",0.0,",,7,",0.0,",,7,0600",89.96,",,7,0600",64.04,",,7,0600",66.92,",,7,0600",,,,
2021-08-08,USC00362574,0,",,7,0600",0.0,",,7,",0.0,",,7,0600",87.08,",,7,0600",66.92,",,7,0600",66.92,",,7,0600",,,,
2021-08-09,USC00362574,76,",,7,0600",0.0,",,7,",0.0,",,7,0600",87.98,",,7,0600",66.92,",,7,0600",69.08,",,7,0600",,,,
2021-08-10,USC00362574,0,",,7,0600",0.0,",,7,",0.0,",,7,0600",91.94,",,7,0600",68.0,",,7,0600",73.04,",,7,0600",,,,
2021-08-11,USC00362574,69,",,7,0600",0.0,",,7,",0.0,",,7,0600",82.04,",,7,0600",71.96,",,7,0600",71.96,",,7,0600",,,,
2021-08-12,USC00362574,127,",,7,0600",0.0,",,7,",0.0,",,7,0600",84.02,",,7,0600",69.98,",,7,0600",69.98,",,7,0600",,,,
2021-08-13,USC00362574,300,",,7,0600",0.0,",,7,",0.0,",,7,0600",93.02,",,7,0600",68.0,",,7,0600",68.0,",,7,0600",,,,
2021-08-14,USC00362574,282,",,7,0600",0.0,",,7,",0.0,",,7,0600",87.98,",,7,0600",68.0,",,7,0600",69.98,",,7,0600",,,,
2021-08-16,USC00362574,0,",,7,0600",0.0,",,7,",0.0,",,7,0600",82.04,",,7,0600",66.92,",,7,0600",66.92,",,7,0600",,,,
2021-08-17,USC00362574,38,",,7,0600",0.0,",,7,",0.0,",,7,0600",75.02,",,7,0600",66.92,",,7,0600",69.98,",,7,0600",,,,
2021-08-18,USC00362574,89,",,7,0600",0.0,",,7,",0.0,",,7,0600",82.94,",,7,0600",69.98,",,7,0600",71.96,",,7,0600",,,,
2021-08-19,USC00362574,279,",,7,0600",0.0,",,7,",0.0,",,7,0600",73.94,",,7,0600",69.08,",,7,0600",69.08,",,7,0600",,,,
2021-08-20,USC00362574,13,",,7,0600",0.0,",,7,",0.0,",,7,0600",80.06,",,7,0600",69.08,",,7,0600",69.08,",,7,0600",1.0,",,7,",,
2021-08-21,USC00362574,0,",,7,0600",0.0,",,7,",0.0,",,7,0600",82.94,",,7,0600",62.06,",,7,0600",62.96,",,7,0600",1.0,",,7,",,
2021-08-22,USC00362574,0,",,7,0600",0.0,",,7,",0.0,",,7,0600",84.92,",,7,0600",62.96,",,7,0600",62.96,",,7,0600",1.0,",,7,",,
2021-08-23,USC00362574,0,",,7,0600",0.0,",,7,",0.0,",,7,0600",84.92,",,7,0600",62.96,",,7,0600",71.06,",,7,0600",1.0,",,7,",,
2021-08-24,USC00362574,0,",,7,0600",0.0,",,7,",0.0,",,7,0600",87.98,",,7,0600",66.02,",,7,0600",66.02,",,7,0600",,,,
2021-08-25,USC00362574,0,",,7,0600",0.0,",,7,",0.0,",,7,0600",87.98,",,7,0600",66.02,",,7,0600",68.0,",,7,0600",,,,
2021-08-26,USC00362574,160,",,7,0600",0.0,",,7,",0.0,",,7,0600",89.06,",,7,0600",68.0,",,7,0600",69.98,",,7,0600",,,,
2021-08-27,USC00362574,0,",,7,0600",0.0,",,7,",0.0,",,7,0600",87.98,",,7,0600",69.08,",,7,0600",69.08,",,7,0600",,,,
2021-08-28,USC00362574,0,",,7,0600",0.0,",,7,",0.0,",,7,0600",89.96,",,7,0600",69.08,",,7,0600",71.96,",,7,0600",,,,
2021-08-29,USC00362574,13,",,7,0600",0.0,",,7,",0.0,",,7,0600",87.08,",,7,0600",71.96,",,7,0600",71.96,",,7,0600",,,,
2021-08-31,USC00362574,8,",,7,0600",0.0,",,7,",0.0,",,7,0600",82.94,",,7,0600",69.98,",,7,0600",69.98,",,7,0600",,,,
2021-09-01,USC00362574,521,",,7,0600",0.0,",,7,",0.0,",,7,0600",75.92,",,7,0600",66.02,",,7,0600",66.02,",,7,0600",,,,
2021-09-02,USC00362574,353,",,7,0600",0.0,",,7,",0.0,",,7,0600",69.98,",,7,0600",53.96,",,7,0600",53.96,",,7,0600",,,,
2021-09-03,USC00362574,0,",,7,0600",0.0,",,7,",0.0,",,7,0600",75.02,",,7,0600",51.08,",,7,0600",51.08,",,7,0600",,,,
2021-09-04,USC00362574,0,",,7,0600",0.0,",,7,",0.0,",,7,0600",73.04,",,7,0600",50.0,",,7,0600",59.0,",,7,0600",,,,
2021-09-05,USC00362574,76,",,7,0600",0.0,",,7,",0.0,",,7,0600",78.08,",,7,0600",59.0,",,7,0600",64.94,",,7,0600",,,,
2021-09-06,USC00362574,0,",,7,0600",0.0,",,7,",0.0,",,7,0600",75.02,",,7,0600",57.92,",,7,0600",57.92,",,7,0600",,,,
2021-09-07,USC00362574,0,",,7,0600",0.0,",,7,",0.0,",,7,0600",78.98,",,7,0600",57.02,",,7,0600",57.02,",,7,0600",,,,
2021-09-08,USC00362574,0,",,7,0600",0.0,",,7,",0.0,",,7,0600",82.94,",,7,0600",57.02,",,7,0600",64.94,",,7,0600",,,,
2021-09-09,USC00362574,64,",,7,0600",0.0,",,7,",0.0,",,7,0600",71.06,",,7,0600",60.98,",,7,0600",60.98,",,7,0600",,,,
2021-09-10,USC00362574,0,",,7,0600",0.0,",,7,",0.0,",,7,0600",73.04,",,7,0600",53.96,",,7,0600",53.96,",,7,0600",,,,
2021-09-11,USC00362574,0,",,7,0600",0.0,",,7,",0.0,",,7,0600",71.96,",,7,0600",53.06,",,7,0600",53.06,",,7,0600",,,,
2021-09-12,USC00362574,0,",,7,0600",0.0,",,7,",0.0,",,7,0600",75.92,",,7,0600",53.06,",,7,0600",64.94,",,7,0600",,,,
2021-09-14,USC00362574,0,",,7,0600",0.0,",,7,",0.0,",,7,0600",80.96,",,7,0600",66.92,",,7,0600",66.92,",,7,0600",,,,
2021-09-15,USC00362574,0,",,7,0600",0.0,",,7,",0.0,",,7,0600",84.02,",,7,0600",66.92,",,7,0600",69.08,",,7,0600",,,,
2021-09-16,USC00362574,0,",,7,0600",0.0,",,7,",0.0,",,7,0600",75.92,",,7,0600",60.08,",,7,0600",60.08,",,7,0600",,,,
2021-09-17,USC00362574,0,",,7,0600",0.0,",,7,",0.0,",,7,0600",78.98,",,7,0600",60.08,",,7,0600",64.04,",,7,0600",,,,
2021-09-18,USC00362574,0,",,7,0600",0.0,",,7,",0.0,",,7,0600",84.02,",,7,0600",64.04,",,7,0600",64.94,",,7,0600",1.0,",,7,",,
2021-09-19,USC00362574,0,",,7,0600",0.0,",,7,",0.0,",,7,0600",87.08,",,7,0600",62.96,",,7,0600",64.04,",,7,0600",1.0,",,7,",,
2021-09-20,USC00362574,0,",,7,0600",0.0,",,7,",0.0,",,7,0600",82.94,",,7,0600",60.08,",,7,0600",60.08,",,7,0600",,,,
2021-09-21,USC00362574,0,",,7,0600",0.0,",,7,",0.0,",,7,0600",86.0,",,7,0600",60.08,",,7,0600",64.94,",,7,0600",,,,
2021-09-22,USC00362574,48,",,7,0600",0.0,",,7,",0.0,",,7,0600",78.98,",,7,0600",64.94,",,7,0600",66.02,",,7,0600",,,,
2021-09-23,USC00362574,279,",,7,0600",0.0,",,7,",0.0,",,7,0600",82.04,",,7,0600",60.08,",,7,0600",60.08,",,7,0600",,,,
2021-09-24,USC00362574,0,",,7,0600",0.0,",,7,",0.0,",,7,0600",60.08,",,7,0600",51.08,",,7,0600",51.98,",,7,0600",,,,
2021-09-25,USC00362574,0,",,7,0600",0.0,",,7,",0.0,",,7,0600",69.98,",,7,0600",51.08,",,7,0600",51.08,",,7,0600",,,,
2021-09-26,USC00362574,0,",,7,0600",0.0,",,7,",0.0,",,7,0600",71.06,",,7,0600",50.0,",,7,0600",50.0,",,7,0600",,,,
2021-09-27,USC00362574,0,",,7,0600",0.0,",,7,",0.0,",,7,0600",71.96,",,7,0600",48.92,",,7,0600",55.94,",,7,0600",,,,
2021-09-28,USC00362574,10,",,7,0600",0.0,",,7,",0.0,",,7,0600",80.06,",,7,0600",55.94,",,7,0600",64.94,",,7,0600",,,,
2021-09-29,USC00362574,0,",,7,0600",0.0,",,7,",0.0,",,7,0600",80.06,",,7,0600",50.0,",,7,0600",51.08,",,7,0600",,,,
2021-10-01,USC00362574,0,",,7,0600",0.0,",,7,",0.0,",,7,0600",68.0,",,7,0600",46.04,",,7,0600",46.04,",,7,0600",,,,
2021-10-02,USC00362574,0,",,7,0600",0.0,",,7,",0.0,",,7,0600",69.08,",,7,0600",46.04,",,7,0600",46.04,",,7,0600",,,,
2021-10-03,USC00362574,0,",,7,0600",0.0,",,7,",0.0,",,7,0600",75.02,",,7,0600",44.96,",,7,0600",60.98,",,7,0600",,,,
2021-10-04,USC00362574,10,",,7,0600",0.0,",,7,",0.0,",,7,0600",69.98,",,7,0600",60.98,",,7,0600",64.94,",,7,0600",,,,
2021-10-05,USC00362574,0,",,7,0600",0.0,",,7,",0.0,",,7,0600",75.02,",,7,0600",59.0,",,7,0600",60.08,",,7,0600",1.0,",,7,",,
2021-10-06,USC00362574,0,",,7,0600",0.0,",,7,",0.0,",,7,0600",80.06,",,7,0600",57.92,",,7,0600",60.98,",,7,0600",,,,
2021-10-07,USC00362574,0,",,7,0600",0.0,",,7,",0.0,",,7,0600",80.96,",,7,0600",60.98,",,7,0600",62.96,",,7,0600",,,,
2021-10-08,USC00362574,0,",,7,0600",0.0,",,7,",0.0,",,7,0600",78.98,",,7,0600",62.96,",,7,0600",62.96,",,7,0600",,,,
2021-10-09,USC00362574,58,",,7,0600",0.0,",,7,",0.0,",,7,0600",78.08,",,7,0600",62.96,",,7,0600",64.94,",,7,0600",,,,
2021-10-10,USC00362574,13,",,7,0600",0.0,",,7,",0.0,",,7,0600",69.98,",,7,0600",57.92,",,7,0600",57.92,",,7,0600",,,,
2021-10-11,USC00362574,0,",,7,0600",0.0,",,7,",0.0,",,7,0600",75.02,",,7,0600",57.92,",,7,0600",59.0,",,7,0600",,,,
2021-10-12,USC00362574,0,",,7,0600",0.0,",,7,",0.0,",,7,0600",77.0,",,7,0600",57.92,",,7,0600",57.92,",,7,0600",,,,
2021-10-13,USC00362574,0,",,7,0600",0.0,",,7,",0.0,",,7,0600",75.92,",,7,0600",57.02,",,7,0600",60.08,",,7,0600",,,,
2021-10-14,USC00362574,0,",,7,0600",0.0,",,7,",0.0,",,7,0600",69.98,",,7,0600",53.96,",,7,0600",53.96,",,7,0600",,,,
2021-10-15,USC00362574,0,",,7,0600",0.0,",,7,",0.0,",,7,0600",77.0,",,7,0600",53.96,",,7,0600",66.02,",,7,0600",1.0,",,7,",,
2021-10-16,USC00362574,38,",,7,0600",0.0,",,7,",0.0,",,7,0600",80.06,",,7,0600",66.02,",,7,0600",66.02,",,7,0600",,,,
2021-10-17,USC00362574,48,",,7,0600",0.0,",,7,",0.0,",,7,0600",66.02,",,7,0600",50.0,",,7,0600",50.0,",,7,0600",,,,
2021-10-18,USC00362574,0,",,7,0600",0.0,",,7,",0.0,",,7,0600",57.92,",,7,0600",44.96,",,7,0600",44.96,",,7,0600",,,,
2021-10-19,USC00362574,0,",,7,0600",0.0,",,7,",0.0,",,7,0600",62.96,",,7,0600",42.08,",,7,0600",42.08,",,7,0600",,,,
2021-10-20,USC00362574,0,",,7,0600",0.0,",,7,",0.0,",,7,0600",69.98,",,7,0600",41.0,",,7,0600",50.0,",,7,0600",,,,
2021-10-21,USC00362574,0,",,7,0600",0.0,",,7,",0.0,",,7,0600",71.06,",,7,0600",48.02,",,7,0600",71.06,",,7,0600",,,,
2021-10-22,USC00362574,61,",,7,0600",0.0,",,7,",0.0,",,7,0600",71.96,",,7,0600",51.08,",,7,0600",51.08,",,7,0600",,,,
2021-10-23,USC00362574,18,",,7,0600",0.0,",,7,",0.0,",,7,0600",51.98,",,7,0600",46.94,",,7,0600",46.94,",,7,0600",,,,
2021-10-24,USC00362574,25,",,7,0600",0.0,",,7,",0.0,",,7,0600",53.06,",,7,0600",42.98,",,7,0600",48.92,",,7,0600",,,,
2021-10-25,USC00362574,188,",,7,0600",0.0,",,7,",0.0,",,7,0600",62.06,",,7,0600",48.92,",,7,0600",57.92,",,7,0600",,,,
2021-10-26,USC00362574,10,",,7,0600",0.0,",,7,",0.0,",,7,0600",71.06,",,7,0600",48.92,",,7,0600",48.92,",,7,0600",,,,
2021-10-27,USC00362574,3,",,7,0600",0.0,",,7,",0.0,",,7,0600",48.92,",,7,0600",46.04,",,7,0600",46.94,",,7,0600",,,,
2021-10-28,USC00362574,0,",,7,0600",0.0,",,7,",0.0,",,7,0600",55.04,",,7,0600",46.04,",,7,0600",48.02,",,7,0600",1.0,",,7,",,
2021-10-29,USC00362574,147,",,7,0600",0.0,",,7,",0.0,",,7,0600",62.96,",,7,0600",46.94,",,7,0600",53.06,",,7,0600",,,,
2021-10-30,USC00362574,145,",,7,0600",0.0,",,7,",0.0,",,7,0600",53.06,",,7,0600",46.04,",,7,0600",46.04,",,7,0600",,,,
2021-10-31,USC00362574,43,",,7,0600",0.0,",,7,",0.0,",,7,0600",55.94,",,7,0600",46.04,",,7,0600",51.08,",,7,0600",,,,
2021-11-02,USC00362574,0,",,7,0600",0.0,",,7,",0.0,",,7,0600",51.98,",,7,0600",41.0,",,7,0600",41.0,",,7,0600",,,,
2021-11-03,USC00362574,0,",,7,0600",0.0,",,7,",0.0,",,7,0600",46.04,",,7,0600",33.08,",,7,0600",33.08,",,7,0600",,,,
2021-11-04,USC00362574,0,",,7,0600",0.0,",,7,",0.0,",,7,0600",44.96,",,7,0600",28.94,",,7,0600",28.94,",,7,0600",,,,
2021-11-05,USC00362574,0,",,7,0600",0.0,",,7,",0.0,",,7,0600",46.94,",,7,0600",28.04,",,7,0600",28.04,",,7,0600",,,,
2021-11-06,USC00362574,0,",,7,0600",0.0,",,7,",0.0,",,7,0600",48.02,",,7,0600",26.96,",,7,0600",28.04,",,7,0600",,,,
2021-11-08,USC00362574,0,",,7,0600",0.0,",,7,",0.0,",,7,0600",59.0,",,7,0600",28.04,",,7,0600",35.06,",,7,0600",,,,
2021-11-09,USC00362574,0,",,7,0600",0.0,",,7,",0.0,",,7,0600",66.02,",,7,0600",33.98,",,7,0600",44.96,",,7,0600",,,,
2021-11-10,USC00362574,0,",,7,0600",0.0,",,7,",0.0,",,7,0600",66.92,",,7,0600",42.08,",,7,0600",44.96,",,7,0600",,,,
2021-11-11,USC00362574,0,",,7,0600",0.0,",,7,",0.0,",,7,0600",62.06,",,7,0600",44.96,",,7,0600",46.04,",,7,0600",,,,
2021-11-12,USC00362574,58,",,7,0600",0.0,",,7,",0.0,",,7,0600",69.98,",,7,0600",46.04,",,7,0600",46.04,",,7,0600",,,,
2021-11-13,USC00362574,5,",,7,0600",0.0,",,7,",0.0,",,7,0600",55.04,",,7,0600",37.04,",,7,0600",37.04,",,7,0600",,,,
2021-11-14,USC00362574,0,",,7,0600",0.0,",,7,",0.0,",,7,0600",37.94,",,7,0600",33.98,",,7,0600",35.06,",,7,0600",,,,
2021-11-15,USC00362574,74,",,7,0600",0.0,"T,,7,",0.0,",,7,0600",37.04,",,7,0600",33.08,",,7,0600",33.98,",,7,0600",,,,
2021-11-16,USC00362574,0,",,7,0600",0.0,",,7,",0.0,",,7,0600",39.92,",,7,0600",33.98,",,7,0600",33.98,",,7,0600",,,,
2021-11-17,USC00362574,0,",,7,0600",0.0,",,7,",0.0,",,7,0600",42.98,",,7,0600",33.98,",,7,0600",37.94,",,7,0600",,,,
2021-11-18,USC00362574,0,",,7,0600",0.0,",,7,",0.0,",,7,0600",57.92,",,7,0600",35.96,",,7,0600",37.94,",,7,0600",,,,
2021-11-19,USC00362574,28,",,7,0600",0.0,",,7,",0.0,",,7,0600",60.08,",,7,0600",30.02,",,7,0600",30.02,",,7,0600",,,,
2021-11-20,USC00362574,0,",,7,0600",0.0,",,7,",0.0,",,7,0600",35.96,",,7,0600",26.06,",,7,0600",26.96,",,7,0600",,,,
2021-11-21,USC00362574,0,",,7,0600",0.0,",,7,",0.0,",,7,0600",46.04,",,7,0600",26.06,",,7,0600",35.06,",,7,0600",,,,
2021-11-22,USC00362574,25,",,7,0600",0.0,",,7,",0.0,",,7,0600",48.02,",,7,0600",35.06,",,7,0600",39.02,",,7,0600",,,,
2021-11-23,USC00362574,0,",,7,0600",0.0,",,7,",0.0,",,7,0600",39.02,",,7,0600",24.08,",,7,0600",24.08,",,7,0600",,,,
2021-11-24,USC00362574,0,",,7,0600",0.0,",,7,",0.0,",,7,0600",35.96,",,7,0600",23.0,",,7,0600",24.08,",,7,0600",,,,
2021-11-25,USC00362574,0,",,7,0600",0.0,",,7,",0.0,",,7,0600",46.94,",,7,0600",24.08,",,7,0600",46.94,",,7,0600",,,,
2021-11-26,USC00362574,43,",,7,0600",0.0,",,7,",0.0,",,7,0600",46.94,",,7,0600",33.08,",,7,0600",33.08,",,7,0600",,,,
2021-11-27,USC00362574,0,",,7,0600",0.0,",,7,",0.0,",,7,0600",33.08,",,7,0600",28.94,",,7,0600",28.94,",,7,0600",,,,
2021-11-28,USC00362574,0,",,7,0600",0.0,",,7,",0.0,",,7,0600",37.94,",,7,0600",28.94,",,7,0600",37.94,",,7,0600",,,,
2021-11-29,USC00362574,3,",,7,0600",0.0,"T,,7,",0.0,",,7,0600",41.0,",,7,0600",30.02,",,7,0600",32.0,",,7,0600",,,,
2021-12-01,USC00362574,0,",,7,0600",0.0,",,7,",0.0,",,7,0600",46.94,",,7,0600",30.92,",,7,0600",33.08,",,7,0600",,,,
2021-12-02,USC00362574,8,",,7,0600",0.0,",,7,",0.0,",,7,0600",50.0,",,7,0600",30.92,",,7,0600",50.0,",,7,0600",,,,
2021-12-03,USC00362574,0,",,7,0600",0.0,",,7,",0.0,",,7,0600",55.94,",,7,0600",39.02,",,7,0600",39.02,",,7,0600",,,,
2021-12-04,USC00362574,0,",,7,0600",0.0,",,7,",0.0,",,7,0600",42.98,",,7,0600",35.96,",,7,0600",37.04,",,7,0600",,,,
2021-12-05,USC00362574,0,",,7,0600",0.0,",,7,",0.0,",,7,0600",50.0,",,7,0600",30.92,",,7,0600",30.92,",,7,0600",,,,
2021-12-07,USC00362574,64,",,7,0600",0.0,",,7,",0.0,",,7,0600",53.96,",,7,0600",28.04,",,7,0600",28.04,",,7,0600",,,,
2021-12-08,USC00362574,0,",,7,0600",0.0,",,7,",0.0,",,7,0600",30.02,",,7,0600",28.04,",,7,0600",28.94,",,7,0600",,,,
2021-12-09,USC00362574,0,",,7,0600",0.0,",,7,",0.0,",,7,0600",32.0,",,7,0600",23.0,",,7,0600",23.0,",,7,0600",,,,
2021-12-10,USC00362574,3,",,7,0600",0.0,",,7,",0.0,",,7,0600",46.04,",,7,0600",23.0,",,7,0600",46.04,",,7,0600",,,,
2021-12-11,USC00362574,127,",,7,0600",0.0,",,7,",0.0,",,7,0600",62.06,",,7,0600",46.04,",,7,0600",62.06,",,7,0600",,,,
2021-12-12,USC00362574,89,",,7,0600",0.0,",,7,",0.0,",,7,0600",62.06,",,7,0600",30.02,",,7,0600",30.92,",,7,0600",,,,
2021-12-14,USC00362574,0,",,7,0600",0.0,",,7,",0.0,",,7,0600",48.92,",,7,0600",30.02,",,7,0600",30.92,",,7,0600",,,,
2021-12-15,USC00362574,0,",,7,0600",0.0,",,7,",0.0,",,7,0600",51.08,",,7,0600",30.92,",,7,0600",42.08,",,7,0600",,,,
2021-12-17,USC00362574,8,",,7,0600",0.0,",,7,",0.0,",,7,0600",66.02,",,7,0600",37.94,",,7,0600",37.94,",,7,0600",,,,
2021-12-18,USC00362574,46,",,7,0600",0.0,",,7,",0.0,",,7,0600",46.04,",,7,0600",33.98,",,7,0600",37.04,",,7,0600",,,,
2021-12-19,USC00362574,84,",,7,0600",0.0,",,7,",0.0,",,7,0600",55.04,",,7,0600",33.08,",,7,0600",33.08,",,7,0600",,,,
2021-12-20,USC00362574,0,",,7,0600",0.0,",,7,",0.0,",,7,0600",33.08,",,7,0600",30.02,",,7,0600",30.02,",,7,0600",,,,
2021-12-21,USC00362574,0,",,7,0600",0.0,",,7,",0.0,",,7,0600",39.02,",,7,0600",24.98,",,7,0600",24.98,",,7,0600",,,,
2021-12-22,USC00362574,0,",,7,0600",0.0,",,7,",0.0,",,7,0600",42.98,",,7,0600",24.98,",,7,0600",35.96,",,7,0600",,,,
2021-12-23,USC00362574,0,",,7,0600",0.0,",,7,",0.0,",,7,0600",35.96,",,7,0600",23.0,",,7,0600",23.0,",,7,0600",,,,
2021-12-24,USC00362574,0,",,7,0600",0.0,",,7,",0.0,",,7,0600",48.92,",,7,0600",21.02,",,7,0600",46.04,",,7,0600",,,,
2021-12-25,USC00362574,13,",,7,0600",0.0,",,7,",0.0,",,7,0600",57.02,",,7,0600",46.04,",,7,0600",57.02,",,7,0600",,,,
2021-12-26,USC00362574,185,",,7,0600",0.0,",,7,",0.0,",,7,0600",57.02,",,7,0600",39.02,",,7,0600",39.02,",,7,0600",,,,
2021-12-27,USC00362574,0,",,7,0600",0.0,",,7,",0.0,",,7,0600",42.08,",,7,0600",33.08,",,7,0600",35.06,",,7,0600",,,,
2021-12-28,USC00362574,119,",,7,0600",0.0,",,7,",0.0,",,7,0600",53.06,",,7,0600",35.06,",,7,0600",41.0,",,7,0600",,,,
2021-12-29,USC00362574,127,",,7,0600",0.0,",,7,",0.0,",,7,0600",46.04,",,7,0600",39.02,",,7,0600",44.96,",,7,0600",,,,
2021-12-30,USC00362574,3,",,7,0600",0.0,",,7,",0.0,",,7,0600",50.0,",,7,0600",44.96,",,7,0600",44.96,",,7,0600",,,,
2021-12-31,USC00362574,0,",,7,0600",0.0,",,7,",0.0,",,7,0600",53.96,",,7,0600",44.96,",,7,0600",48.02,",,7,0600",,,,
